abc,cat,name,venues,qty,current,pct_target,new,actual_pct,extra_unit,extra_rev,guest
A,Шаурма,Шаурма Стандарт с курицей,"Kebab King Карла, Kebab King Октябрьская",841.0,310,5,330,6.45,20,16820.0,True
A,Шаурма,Шаурма Большая со свининой,"Kebab King Карла, Kebab King Октябрьская",513.0,360,5,380,5.56,20,10260.0,True
A,Шаурма,Шаурма Большая с курицей,"Kebab King Карла, Kebab King Октябрьская, MC Lounge Роза",506.0,360,5,380,5.56,20,10120.0,True
A,Шаурма,Шаурма Стандарт со свининой,"Kebab King Карла, Kebab King Октябрьская",450.0,310,5,330,6.45,20,9000.0,True
A,Шаурма,Шаурма Мини с курицей,"Kebab King Карла, Kebab King Октябрьская",430.0,250,5,260,4.0,10,4300.0,True
A,Закуски и гарниры,Картофель фри,"Kebab King Карла, Kebab King Октябрьская",636.0,170,5,180,5.88,10,6360.0,True
A,Мангалы,Кальян классический,MC Lounge Роза,67.0,1150,5,1200,4.35,50,3350.0,True
A,Бургеры и сэндвичи,Чикенбургер,"Kebab King Карла, Kebab King Октябрьская",191.0,330,5,350,6.06,20,3820.0,True
A,Бургеры и сэндвичи,Чизбургер,"Kebab King Карла, Kebab King Октябрьская",156.0,370,5,390,5.41,20,3120.0,True
A,Шаурма,Шаурма Мини со свининой,"Kebab King Карла, Kebab King Октябрьская",222.0,250,5,260,4.0,10,2220.0,True
A,Бургеры и сэндвичи,Гамбургер,"Kebab King Карла, Kebab King Октябрьская",168.0,310,5,330,6.45,20,3360.0,True
B,Шаурма,Шаурма в Пите с курицей,"Kebab King Карла, Kebab King Октябрьская",116.0,370,8,400,8.11,30,3480.0,True
B,Мангалы Puff,Кальян классический,MC Lounge Puff,18.0,1500,8,1600,6.67,100,1800.0,True
B,Шаурма,Шаурма в Пите со свининой,"Kebab King Карла, Kebab King Октябрьская",71.0,370,8,400,8.11,30,2130.0,True
B,Бургеры и сэндвичи,Двойной Чизбургер,"Kebab King Карла, Kebab King Октябрьская",60.0,430,8,460,6.98,30,1800.0,True
B,Роллы и хот-доги,Хот-Дог,"Kebab King Карла, Kebab King Октябрьская",95.0,240,8,260,8.33,20,1900.0,True
B,Бургеры и сэндвичи,Кебаб Бургер,"Kebab King Карла, Kebab King Октябрьская",58.0,390,8,420,7.69,30,1740.0,True
B,Роллы и хот-доги,Цезарь Ролл,"Kebab King Карла, Kebab King Октябрьская",72.0,290,8,310,6.9,20,1440.0,True
B,Блюда и закуски,Паста карбонара,MC Гранд,48.0,370,8,400,8.11,30,1440.0,True
B,Роллы и хот-доги,Френч-Дог,"Kebab King Карла, Kebab King Октябрьская",64.0,250,8,270,8.0,20,1280.0,True
B,Бургеры и сэндвичи,Панини Классика,"Kebab King Карла, Kebab King Октябрьская",51.0,280,8,300,7.14,20,1020.0,True
B,Кола,Кола Classic 0.5,"Kebab King Карла, Kebab King Октябрьская",122.0,100,8,110,10.0,10,1220.0,True
B,Напитки КК,Фреш Бар,"Kebab King Карла, Kebab King Октябрьская",108.0,110,8,120,9.09,10,1080.0,True
B,Дип-Пот,Дип пот Сырный,"Kebab King Карла, Kebab King Октябрьская",229.0,50,8,60,20.0,10,2290.0,True
B,Чай бутилированный,Липтон черный 0.5,"Kebab King Карла, Kebab King Октябрьская",65.0,150,8,160,6.67,10,650.0,True
B,Бургеры и сэндвичи,Бургер,"Kebab King Карла, Kebab King Октябрьская",37.0,250,8,270,8.0,20,740.0,True
B,Чай бутилированный,Липтон зеленый 0.5,"Kebab King Карла, Kebab King Октябрьская",60.0,150,8,160,6.67,10,600.0,True
B,Салаты,Цезарь с курицей,MC Гранд,24.0,360,8,390,8.33,30,720.0,True
B,Бургеры и сэндвичи,Панини мясная с курицей,"Kebab King Карла, Kebab King Октябрьская",24.0,340,8,370,8.82,30,720.0,True
B,Закуски и гарниры,Крылышки 5шт,"Kebab King Карла, Kebab King Октябрьская",24.0,340,8,370,8.82,30,720.0,True
B,Кофе,Капучино,MC Гранд,44.0,180,8,190,5.56,10,440.0,True
B,Бургеры и сэндвичи,Панини мясная со свининой,"Kebab King Карла, Kebab King Октябрьская",23.0,340,8,370,8.82,30,690.0,True
B,Салаты,Цезарь с тигровыми креветками,MC Гранд,16.0,430,8,460,6.98,30,480.0,True
B,Напитки КК,Кофе 3 в 1,"Kebab King Карла, Kebab King Октябрьская",128.0,50,8,60,20.0,10,1280.0,True
B,Закуски и гарниры,Луковые кольца 7шт,"Kebab King Карла, Kebab King Октябрьская",41.0,150,8,160,6.67,10,410.0,True
C,Кофе,Американо,MC Гранд,40.0,150,10,160,6.67,10,400.0,True
C,Комбо-наборы,Комбо Шаурма стандарт,Kebab King Октябрьская,10.0,550,10,600,9.09,50,500.0,True
C,Завтраки,"Яичница-глазунья, тост с ветчиной и сыром, чай",MC Гранд,19.0,280,10,310,10.71,30,570.0,True
C,Блюда и закуски,Паста фетучини с курицей и грибами,MC Гранд,12.0,420,10,460,9.52,40,480.0,True
C,Пиво,"Пиво Stella Artois 0,45",MC Lounge Роза,18.0,280,10,310,10.71,30,540.0,True
C,Закуски и гарниры,Крылышки 3шт,"Kebab King Карла, Kebab King Октябрьская",24.0,200,10,220,10.0,20,480.0,True
C,Энергетики,Энергетик Drive,"Kebab King Карла, Kebab King Октябрьская",32.0,150,10,160,6.67,10,320.0,True
C,Пицца,Мясная,MC Гранд,6.0,800,10,900,12.5,100,600.0,True
C,Услуги,Аренда VIP Комнаты,MC Lounge Роза,9.0,500,10,550,10.0,50,450.0,True
C,Кола,Кола Литр Classic,"Kebab King Карла, Kebab King Октябрьская",28.0,150,10,160,6.67,10,280.0,True
C,Кофе,Латте,MC Гранд,21.0,190,10,210,10.53,20,420.0,True
C,Улун,Чай - Да Хун Пау,MC Lounge Роза,7.0,550,10,600,9.09,50,350.0,True
C,Салаты,Греческий,MC Гранд,11.0,330,10,360,9.09,30,330.0,True
C,Кофе в кофемашине,Кофе Капучино,Kebab King Октябрьская,36.0,100,10,110,10.0,10,360.0,True
C,Кофе в кофемашине,Кофе Латте,Kebab King Октябрьская,30.0,120,10,130,8.33,10,300.0,True
C,Лимонады,Мохито,MC Гранд,12.0,300,10,330,10.0,30,360.0,True
C,Дип-Пот,Дип пот Кетчуп,"Kebab King Карла, Kebab King Октябрьская",71.0,50,10,60,20.0,10,710.0,True
C,Услуги,Сервисный сбор,MC Lounge Роза,32.0,100,10,110,10.0,10,320.0,True
C,Авторский чай,Облепиховый с имбирем,MC Гранд,9.0,350,10,390,11.43,40,360.0,True
C,Пиво,Пиво Хугарден 0.45,MC Lounge Роза,11.0,280,10,310,10.71,30,330.0,True
C,Пицца,Хачапури по-аджарски,MC Гранд,6.0,500,10,550,10.0,50,300.0,True
C,Пиво,"Пиво Ловенбрау  0,45",MC Lounge Роза,10.0,280,10,310,10.71,30,300.0,True
C,Вода,Вода Черноголовка 0.5,"Kebab King Карла, Kebab King Октябрьская",39.0,70,10,80,14.29,10,390.0,True
C,Напитки КК,Чай,"Kebab King Карла, Kebab King Октябрьская",91.0,30,10,40,33.33,10,910.0,True
C,Красный чай,Наглый фрукт,MC Lounge Роза,6.0,450,10,500,11.11,50,300.0,True
C,Услуги,Сервисный сбор Премиум,MC Lounge Роза,9.0,300,10,330,10.0,30,270.0,True
C,Салаты,Французский,MC Гранд,7.0,350,10,390,11.43,40,280.0,True
C,Блюда и закуски,Нагетсы,MC Гранд,9.0,270,10,300,11.11,30,270.0,True
C,Десерты,Чизкейк Фисташковый,MC Гранд,10.0,220,10,240,9.09,20,200.0,True
C,Игры,Аренда PS 4 PRO,MC Lounge Роза,6.0,350,10,390,11.43,40,240.0,True
C,Напитки КК,Кофе черный,"Kebab King Карла, Kebab King Октябрьская",52.0,40,10,50,25.0,10,520.0,True
C,Улун,Чай - Те Гуань Инь 1 кат.,MC Lounge Роза,4.0,500,10,550,10.0,50,200.0,True
C,Милкшейки,Ванильная жвачка,MC Гранд,6.0,320,10,350,9.38,30,180.0,True
C,Милкшейки,Snickers,MC Гранд,5.0,380,10,420,10.53,40,200.0,True
C,Лимонады,Апельсин-манго,MC Гранд,7.0,270,10,300,11.11,30,210.0,True
C,Кофе в кофемашине,Кофе Американо,Kebab King Октябрьская,18.0,100,10,110,10.0,10,180.0,True
C,Премиум Напитки,Сэт Дубовый резерв,MC Lounge Роза,1.0,1800,10,2000,11.11,200,200.0,True
C,Завтраки,"Омлет классический, тост с ветчиной, чай",MC Гранд,7.0,250,10,280,12.0,30,210.0,True
C,Завтраки,"Сэндвич с курицей, беконом и свежими овощами",MC Гранд,7.0,250,10,280,12.0,30,210.0,True
C,Пиво,"Пиво Эль Капулько 0,4",MC Lounge Роза,5.0,350,10,390,11.43,40,200.0,True
C,Завтраки,"Омлет с зеленью, сыром Моцарелла и черри, тост, чай",MC Гранд,6.0,280,10,310,10.71,30,180.0,True
C,Кофе,Раф Лавандовый,MC Гранд,8.0,210,10,230,9.52,20,160.0,True
C,Соки,Сок Любимый Яблоко 0.2,"Kebab King Карла, Kebab King Октябрьская",24.0,70,10,80,14.29,10,240.0,True
C,Лимонады,Румба,MC Гранд,6.0,270,10,300,11.11,30,180.0,True
C,Блюда и закуски,Картофель фри,MC Гранд,8.0,200,10,220,10.0,20,160.0,True
C,Дип-Пот,Дип пот Сливочно-чесночный,"Kebab King Карла, Kebab King Октябрьская",31.0,50,10,60,20.0,10,310.0,True
C,Пицца,Пепперони,MC Гранд,2.0,750,10,850,13.33,100,200.0,True
C,Пицца,Пицца Цыпленок Ранч,MC Гранд,2.0,750,10,850,13.33,100,200.0,True
C,Десерты,Чизкейк Нью-Йорк,MC Гранд,7.0,210,10,230,9.52,20,140.0,True
C,Десерты,Чизкейк Сникерс,MC Гранд,6.0,230,10,250,8.7,20,120.0,True
C,Кола,Кола Два Литра Classic,Kebab King Октябрьская,6.0,210,10,230,9.52,20,120.0,True
C,Кофе,Горячий Шоколад,MC Гранд,7.0,180,10,200,11.11,20,140.0,True
C,Соки,Сок Любимый Тропический микс 0.2,"Kebab King Карла, Kebab King Октябрьская",18.0,70,10,80,14.29,10,180.0,True
C,Соки,Сок любимый 1л,Kebab King Карла,6.0,210,10,230,9.52,20,120.0,True
C,Блюда и закуски,Долма говядиной,MC Гранд,5.0,250,10,280,12.0,30,150.0,True
C,Чай 1л,Грезы султана,MC Гранд,5.0,250,10,280,12.0,30,150.0,True
C,Чай 1л,Лимонник,MC Гранд,5.0,250,10,280,12.0,30,150.0,True
C,Пиво,Пиво Kozel темн. 0.45,MC Lounge Роза,4.0,280,10,310,10.71,30,120.0,True
C,Завтраки,"Сэндвич с ветчиной, сыром и свежими овощами",MC Гранд,5.0,220,10,240,9.09,20,100.0,True
C,Блюда и закуски,Онигири со снежным крабом,MC Гранд,6.0,180,10,200,11.11,20,120.0,True
C,Дип-Пот,Дип пот Барбекю,"Kebab King Карла, Kebab King Октябрьская",21.0,50,10,60,20.0,10,210.0,True
C,Улун,Чай - Молочный улун,MC Lounge Роза,2.0,450,10,500,11.11,50,100.0,True
C,Кофе,Раф Bubble gum,MC Гранд,4.0,210,10,230,9.52,20,80.0,True
C,Чай 1л,Глинтвейн,MC Гранд,2.0,420,10,460,9.52,40,80.0,True
C,Лимонады,Клубничная-жвачка,MC Гранд,3.0,250,10,280,12.0,30,90.0,True
C,Лимонады,Лимонад на выбор 1л.,MC Lounge Роза,1.0,750,10,850,13.33,100,100.0,True
C,Вода,Вода Черноголовка 1л,Kebab King Октябрьская,7.0,100,10,110,10.0,10,70.0,True
C,Премиум Напитки,Напиток Лаймовый бриз,MC Lounge Роза,2.0,350,10,390,11.43,40,80.0,True
C,Напитки ГРАНТ,Мэйсон,MC Гранд,4.0,170,10,190,11.76,20,80.0,True
C,Милкшейки,Пина колада,MC Гранд,2.0,330,10,360,9.09,30,60.0,True
C,Напитки ГРАНТ,Пульс АП,MC Гранд,5.0,120,10,130,8.33,10,50.0,True
C,Напитки КК,Согревающий чай,Kebab King Октябрьская,5.0,120,10,130,8.33,10,50.0,True
C,Напитки ГРАНТ,Газ вода 0.33,MC Гранд,6.0,90,10,100,11.11,10,60.0,True
C,Чай 1л,Таежный,MC Гранд,2.0,250,10,280,12.0,30,60.0,True
C,Зеленый чай,Чай - Тайский синий,MC Lounge Роза,1.0,450,10,500,11.11,50,50.0,True
C,Пуэр,Чай - Шу Пуэр Дворцовый,MC Lounge Роза,1.0,450,10,500,11.11,50,50.0,True
C,Пуэр,Шен-Пуэр,MC Lounge Роза,1.0,450,10,500,11.11,50,50.0,True
C,Черный чай,Чай - Таёжный с мятой,MC Lounge Роза,1.0,450,10,500,11.11,50,50.0,True
C,Черный чай,Чай - Таёжный с ягодами,MC Lounge Роза,1.0,450,10,500,11.11,50,50.0,True
C,Премиум Напитки,Напиток Арктическая мята,MC Lounge Роза,1.0,400,10,440,10.0,40,40.0,True
C,Премиум Напитки,Напиток Солнечный импульс,MC Lounge Роза,2.0,200,10,220,10.0,20,40.0,True
C,Авторский чай,Клюквенный с тимьяном,MC Гранд,1.0,390,10,430,10.26,40,40.0,True
C,Лимонады,Лимонад Классический Мохито,MC Lounge Роза,1.0,380,10,420,10.53,40,40.0,True
C,Милкшейки,Bounty,MC Гранд,1.0,380,10,420,10.53,40,40.0,True
C,Милкшейки,M&MS,MC Гранд,1.0,380,10,420,10.53,40,40.0,True
C,Авторский чай,Ромашковый с медовым персиком,MC Гранд,1.0,350,10,390,11.43,40,40.0,True
C,Зеленый чай,Чай - Белый пион,MC Lounge Роза,1.0,350,10,390,11.43,40,40.0,True
C,Лимонады,Клубничный мохито,MC Lounge Роза,1.0,350,10,390,11.43,40,40.0,True
C,Премиум Напитки,Напиток Алая ночь,MC Lounge Роза,1.0,350,10,390,11.43,40,40.0,True
C,Премиум Напитки,Напиток Горизонт событий,MC Lounge Роза,1.0,350,10,390,11.43,40,40.0,True
C,Улун,Чай - Шоколадный улун,MC Lounge Роза,1.0,350,10,390,11.43,40,40.0,True
C,Премиум Напитки,Напиток Испанская фиеста,MC Lounge Роза,1.0,320,10,350,9.38,30,30.0,True
C,Напитки ГРАНТ,Ла Коста,MC Гранд,2.0,150,10,160,6.67,10,20.0,True
C,Премиум Напитки,Напиток Лазурный берег,MC Lounge Роза,1.0,300,10,330,10.0,30,30.0,True
C,Черный чай,Чай - Фруктовый гламур,MC Lounge Роза,1.0,300,10,330,10.0,30,30.0,True
C,Лимонады,Электро-Колада,MC Гранд,1.0,290,10,320,10.34,30,30.0,True
C,Лимонады,Тропический,MC Гранд,1.0,270,10,300,11.11,30,30.0,True
C,Дополнения,Халапенье (доп),Kebab King Октябрьская,3.0,80,10,90,12.5,10,30.0,True
C,Напитки ГРАНТ,Fresh Bar Cola,MC Гранд,3.0,80,10,90,12.5,10,30.0,True
C,Пиво Б/А,"Пиво Stella Artois 0,45 Б/А",MC Lounge Роза,1.0,200,10,220,10.0,20,20.0,True
C,Кофе,Флэт Уайт,MC Гранд,1.0,190,10,210,10.53,20,20.0,True
C,Напитки ГРАНТ,Чай пакетированный,MC Гранд,6.0,30,10,40,33.33,10,60.0,True
C,Напитки ГРАНТ,Компот,MC Гранд,4.0,40,10,50,25.0,10,40.0,True
C,Кофе,Эспрессо,MC Гранд,1.0,140,10,150,7.14,10,10.0,True
C,Напитки ГРАНТ,Вода Черноголовка негаз 0.5л,MC Гранд,2.0,70,10,80,14.29,10,20.0,True
C,Напитки ГРАНТ,Вулкан,MC Гранд,1.0,140,10,150,7.14,10,10.0,True
C,Дополнения,Морковь по корейски (доп),Kebab King Октябрьская,1.0,100,10,110,10.0,10,10.0,True
C,Напитки ГРАНТ,Сок в стакане,MC Гранд,2.0,40,10,50,25.0,10,20.0,True
C,Напитки ГРАНТ,Экспорт Стайл Кола 0.5л,MC Гранд,1.0,80,10,90,12.5,10,10.0,True
C,Дополнения,Стаканчик с крышкой под чай,Kebab King Октябрьская,4.0,20,10,30,50.0,10,40.0,True
—,Кальяны постоянникам,Кальян классический,MC Lounge Роза,38.0,750,0,750,0.0,0,0.0,False
—,Стафф,Кальян Персонал,MC Lounge Роза,85.0,280,0,280,0.0,0,0.0,False
