Заведение,Класс,Категория,Позиция,Шт_сентябрь,Было,Стало,Цель_%,Факт_%,Прибавка_за_шт,Прибавка_выручка
Kebab King Карла,A,Шаурма,Шаурма Стандарт с курицей,321,310,330,5,6.45,20,6420.0
Kebab King Карла,A,Шаурма,Шаурма Стандарт со свининой,184,310,330,5,6.45,20,3680.0
Kebab King Карла,A,Шаурма,Шаурма Большая со свининой,174,360,380,5,5.56,20,3480.0
Kebab King Карла,A,Шаурма,Шаурма Большая с курицей,166,360,380,5,5.56,20,3320.0
Kebab King Карла,A,Закуски и гарниры,Картофель фри,235,170,180,5,5.88,10,2350.0
Kebab King Карла,A,Шаурма,Шаурма Мини с курицей,168,250,260,5,4.0,10,1680.0
Kebab King Карла,A,Бургеры и сэндвичи,Чикенбургер,66,330,350,5,6.06,20,1320.0
Kebab King Карла,A,Бургеры и сэндвичи,Гамбургер,56,310,330,5,6.45,20,1120.0
Kebab King Карла,A,Бургеры и сэндвичи,Чизбургер,50,370,390,5,5.41,20,1000.0
Kebab King Карла,A,Шаурма,Шаурма Мини со свининой,91,250,260,5,4.0,10,910.0
Kebab King Карла,B,Шаурма,Шаурма в Пите с курицей,43,370,400,8,8.11,30,1290.0
Kebab King Карла,B,Дип-Пот,Дип пот Сырный,86,50,60,8,20.0,10,860.0
Kebab King Карла,B,Напитки КК,Кофе 3 в 1,78,50,60,8,20.0,10,780.0
Kebab King Карла,B,Роллы и хот-доги,Френч-Дог,34,250,270,8,8.0,20,680.0
Kebab King Карла,B,Бургеры и сэндвичи,Кебаб Бургер,21,390,420,8,7.69,30,630.0
Kebab King Карла,B,Роллы и хот-доги,Цезарь Ролл,26,290,310,8,6.9,20,520.0
Kebab King Карла,B,Шаурма,Шаурма в Пите со свининой,17,370,400,8,8.11,30,510.0
Kebab King Карла,B,Бургеры и сэндвичи,Двойной Чизбургер,15,430,460,8,6.98,30,450.0
Kebab King Карла,B,Бургеры и сэндвичи,Панини мясная с курицей,9,340,370,8,8.82,30,270.0
Kebab King Карла,B,Роллы и хот-доги,Хот-Дог,13,240,260,8,8.33,20,260.0
Kebab King Карла,B,Бургеры и сэндвичи,Панини Классика,12,280,300,8,7.14,20,240.0
Kebab King Карла,B,Закуски и гарниры,Крылышки 5шт,8,340,370,8,8.82,30,240.0
Kebab King Карла,B,Напитки КК,Фреш Бар,19,110,120,8,9.09,10,190.0
Kebab King Карла,B,Чай бутилированный,Липтон черный 0.5,19,150,160,8,6.67,10,190.0
Kebab King Карла,B,Кола,Кола Classic 0.5,18,100,110,8,10.0,10,180.0
Kebab King Карла,B,Чай бутилированный,Липтон зеленый 0.5,17,150,160,8,6.67,10,170.0
Kebab King Карла,B,Закуски и гарниры,Луковые кольца 7шт,16,150,160,8,6.67,10,160.0
Kebab King Карла,B,Бургеры и сэндвичи,Панини мясная со свининой,3,340,370,8,8.82,30,90.0
Kebab King Карла,B,Бургеры и сэндвичи,Бургер,4,250,270,8,8.0,20,80.0
Kebab King Карла,C,Напитки КК,Кофе черный,33,40,50,10,25.0,10,330.0
Kebab King Карла,C,Напитки КК,Чай,27,30,40,10,33.33,10,270.0
Kebab King Карла,C,Закуски и гарниры,Крылышки 3шт,10,200,220,10,10.0,20,200.0
Kebab King Карла,C,Дип-Пот,Дип пот Кетчуп,17,50,60,10,20.0,10,170.0
Kebab King Карла,C,Дип-Пот,Дип пот Сливочно-чесночный,14,50,60,10,20.0,10,140.0
Kebab King Карла,C,Соки,Сок любимый 1л,6,210,230,10,9.52,20,120.0
Kebab King Карла,C,Дип-Пот,Дип пот Барбекю,8,50,60,10,20.0,10,80.0
Kebab King Карла,C,Вода,Вода Черноголовка 0.5,7,70,80,10,14.29,10,70.0
Kebab King Карла,C,Соки,Сок Любимый Тропический микс 0.2,7,70,80,10,14.29,10,70.0
Kebab King Карла,C,Энергетики,Энергетик Drive,7,150,160,10,6.67,10,70.0
Kebab King Карла,C,Соки,Сок Любимый Яблоко 0.2,4,70,80,10,14.29,10,40.0
Kebab King Карла,C,Кола,Кола Литр Classic,2,150,160,10,6.67,10,20.0
Kebab King Октябрьская,A,Шаурма,Шаурма Стандарт с курицей,520,310,330,5,6.45,20,10400.0
Kebab King Октябрьская,A,Шаурма,Шаурма Большая с курицей,339,360,380,5,5.56,20,6780.0
Kebab King Октябрьская,A,Шаурма,Шаурма Большая со свининой,339,360,380,5,5.56,20,6780.0
Kebab King Октябрьская,A,Шаурма,Шаурма Стандарт со свининой,266,310,330,5,6.45,20,5320.0
Kebab King Октябрьская,A,Закуски и гарниры,Картофель фри,401,170,180,5,5.88,10,4010.0
Kebab King Октябрьская,A,Шаурма,Шаурма Мини с курицей,262,250,260,5,4.0,10,2620.0
Kebab King Октябрьская,A,Бургеры и сэндвичи,Чикенбургер,125,330,350,5,6.06,20,2500.0
Kebab King Октябрьская,A,Бургеры и сэндвичи,Гамбургер,112,310,330,5,6.45,20,2240.0
Kebab King Октябрьская,A,Бургеры и сэндвичи,Чизбургер,106,370,390,5,5.41,20,2120.0
Kebab King Октябрьская,A,Шаурма,Шаурма Мини со свининой,131,250,260,5,4.0,10,1310.0
Kebab King Октябрьская,B,Шаурма,Шаурма в Пите с курицей,73,370,400,8,8.11,30,2190.0
Kebab King Октябрьская,B,Роллы и хот-доги,Хот-Дог,82,240,260,8,8.33,20,1640.0
Kebab King Октябрьская,B,Шаурма,Шаурма в Пите со свининой,54,370,400,8,8.11,30,1620.0
Kebab King Октябрьская,B,Дип-Пот,Дип пот Сырный,143,50,60,8,20.0,10,1430.0
Kebab King Октябрьская,B,Бургеры и сэндвичи,Двойной Чизбургер,45,430,460,8,6.98,30,1350.0
Kebab King Октябрьская,B,Бургеры и сэндвичи,Кебаб Бургер,37,390,420,8,7.69,30,1110.0
Kebab King Октябрьская,B,Кола,Кола Classic 0.5,104,100,110,8,10.0,10,1040.0
Kebab King Октябрьская,B,Роллы и хот-доги,Цезарь Ролл,46,290,310,8,6.9,20,920.0
Kebab King Октябрьская,B,Напитки КК,Фреш Бар,89,110,120,8,9.09,10,890.0
Kebab King Октябрьская,B,Бургеры и сэндвичи,Панини Классика,39,280,300,8,7.14,20,780.0
Kebab King Октябрьская,B,Бургеры и сэндвичи,Бургер,33,250,270,8,8.0,20,660.0
Kebab King Октябрьская,B,Бургеры и сэндвичи,Панини мясная со свининой,20,340,370,8,8.82,30,600.0
Kebab King Октябрьская,B,Роллы и хот-доги,Френч-Дог,30,250,270,8,8.0,20,600.0
Kebab King Октябрьская,B,Напитки КК,Кофе 3 в 1,50,50,60,8,20.0,10,500.0
Kebab King Октябрьская,B,Закуски и гарниры,Крылышки 5шт,16,340,370,8,8.82,30,480.0
Kebab King Октябрьская,B,Чай бутилированный,Липтон черный 0.5,46,150,160,8,6.67,10,460.0
Kebab King Октябрьская,B,Бургеры и сэндвичи,Панини мясная с курицей,15,340,370,8,8.82,30,450.0
Kebab King Октябрьская,B,Чай бутилированный,Липтон зеленый 0.5,43,150,160,8,6.67,10,430.0
Kebab King Октябрьская,B,Закуски и гарниры,Луковые кольца 7шт,25,150,160,8,6.67,10,250.0
Kebab King Октябрьская,C,Напитки КК,Чай,64,30,40,10,33.33,10,640.0
Kebab King Октябрьская,C,Дип-Пот,Дип пот Кетчуп,54,50,60,10,20.0,10,540.0
Kebab King Октябрьская,C,Комбо-наборы,Комбо Шаурма стандарт,10,550,600,10,9.09,50,500.0
Kebab King Октябрьская,C,Кофе в кофемашине,Кофе Капучино,36,100,110,10,10.0,10,360.0
Kebab King Октябрьская,C,Вода,Вода Черноголовка 0.5,32,70,80,10,14.29,10,320.0
Kebab King Октябрьская,C,Кофе в кофемашине,Кофе Латте,30,120,130,10,8.33,10,300.0
Kebab King Октябрьская,C,Закуски и гарниры,Крылышки 3шт,14,200,220,10,10.0,20,280.0
Kebab King Октябрьская,C,Кола,Кола Литр Classic,26,150,160,10,6.67,10,260.0
Kebab King Октябрьская,C,Энергетики,Энергетик Drive,25,150,160,10,6.67,10,250.0
Kebab King Октябрьская,C,Соки,Сок Любимый Яблоко 0.2,20,70,80,10,14.29,10,200.0
Kebab King Октябрьская,C,Напитки КК,Кофе черный,19,40,50,10,25.0,10,190.0
Kebab King Октябрьская,C,Кофе в кофемашине,Кофе Американо,18,100,110,10,10.0,10,180.0
Kebab King Октябрьская,C,Дип-Пот,Дип пот Сливочно-чесночный,17,50,60,10,20.0,10,170.0
Kebab King Октябрьская,C,Дип-Пот,Дип пот Барбекю,13,50,60,10,20.0,10,130.0
Kebab King Октябрьская,C,Кола,Кола Два Литра Classic,6,210,230,10,9.52,20,120.0
Kebab King Октябрьская,C,Соки,Сок Любимый Тропический микс 0.2,11,70,80,10,14.29,10,110.0
Kebab King Октябрьская,C,Вода,Вода Черноголовка 1л,7,100,110,10,10.0,10,70.0
Kebab King Октябрьская,C,Напитки КК,Согревающий чай,5,120,130,10,8.33,10,50.0
Kebab King Октябрьская,C,Дополнения,Стаканчик с крышкой под чай,4,20,30,10,50.0,10,40.0
Kebab King Октябрьская,C,Дополнения,Халапенье (доп),3,80,90,10,12.5,10,30.0
Kebab King Октябрьская,C,Дополнения,Морковь по корейски (доп),1,100,110,10,10.0,10,10.0
MC Lounge Puff,B,Мангалы Puff,Кальян классический,18,1500,1600,8,6.67,100,1800.0
MC Lounge Роза,A,Мангалы,Кальян классический,67,1150,1200,5,4.35,50,3350.0
MC Lounge Роза,A,Шаурма,Шаурма Большая с курицей,1,360,380,5,5.56,20,20.0
MC Lounge Роза,C,Пиво,"Пиво Stella Artois 0,45",18,280,310,10,10.71,30,540.0
MC Lounge Роза,C,Услуги,Аренда VIP Комнаты,9,500,550,10,10.0,50,450.0
MC Lounge Роза,C,Улун,Чай - Да Хун Пау,7,550,600,10,9.09,50,350.0
MC Lounge Роза,C,Пиво,Пиво Хугарден 0.45,11,280,310,10,10.71,30,330.0
MC Lounge Роза,C,Услуги,Сервисный сбор,32,100,110,10,10.0,10,320.0
MC Lounge Роза,C,Красный чай,Наглый фрукт,6,450,500,10,11.11,50,300.0
MC Lounge Роза,C,Пиво,"Пиво Ловенбрау  0,45",10,280,310,10,10.71,30,300.0
MC Lounge Роза,C,Услуги,Сервисный сбор Премиум,9,300,330,10,10.0,30,270.0
MC Lounge Роза,C,Игры,Аренда PS 4 PRO,6,350,390,10,11.43,40,240.0
MC Lounge Роза,C,Пиво,"Пиво Эль Капулько 0,4",5,350,390,10,11.43,40,200.0
MC Lounge Роза,C,Премиум Напитки,Сэт Дубовый резерв,1,1800,2000,10,11.11,200,200.0
MC Lounge Роза,C,Улун,Чай - Те Гуань Инь 1 кат.,4,500,550,10,10.0,50,200.0
MC Lounge Роза,C,Пиво,Пиво Kozel темн. 0.45,4,280,310,10,10.71,30,120.0
MC Lounge Роза,C,Лимонады,Лимонад на выбор 1л.,1,750,850,10,13.33,100,100.0
MC Lounge Роза,C,Улун,Чай - Молочный улун,2,450,500,10,11.11,50,100.0
MC Lounge Роза,C,Премиум Напитки,Напиток Лаймовый бриз,2,350,390,10,11.43,40,80.0
MC Lounge Роза,C,Зеленый чай,Чай - Тайский синий,1,450,500,10,11.11,50,50.0
MC Lounge Роза,C,Пуэр,Чай - Шу Пуэр Дворцовый,1,450,500,10,11.11,50,50.0
MC Lounge Роза,C,Пуэр,Шен-Пуэр,1,450,500,10,11.11,50,50.0
MC Lounge Роза,C,Черный чай,Чай - Таёжный с мятой,1,450,500,10,11.11,50,50.0
MC Lounge Роза,C,Черный чай,Чай - Таёжный с ягодами,1,450,500,10,11.11,50,50.0
MC Lounge Роза,C,Зеленый чай,Чай - Белый пион,1,350,390,10,11.43,40,40.0
MC Lounge Роза,C,Лимонады,Клубничный мохито,1,350,390,10,11.43,40,40.0
MC Lounge Роза,C,Лимонады,Лимонад Классический Мохито,1,380,420,10,10.53,40,40.0
MC Lounge Роза,C,Премиум Напитки,Напиток Алая ночь,1,350,390,10,11.43,40,40.0
MC Lounge Роза,C,Премиум Напитки,Напиток Арктическая мята,1,400,440,10,10.0,40,40.0
MC Lounge Роза,C,Премиум Напитки,Напиток Горизонт событий,1,350,390,10,11.43,40,40.0
MC Lounge Роза,C,Премиум Напитки,Напиток Солнечный импульс,2,200,220,10,10.0,20,40.0
MC Lounge Роза,C,Улун,Чай - Шоколадный улун,1,350,390,10,11.43,40,40.0
MC Lounge Роза,C,Премиум Напитки,Напиток Испанская фиеста,1,320,350,10,9.38,30,30.0
MC Lounge Роза,C,Премиум Напитки,Напиток Лазурный берег,1,300,330,10,10.0,30,30.0
MC Lounge Роза,C,Черный чай,Чай - Фруктовый гламур,1,300,330,10,10.0,30,30.0
MC Lounge Роза,C,Пиво Б/А,"Пиво Stella Artois 0,45 Б/А",1,200,220,10,10.0,20,20.0
MC Lounge Роза,—,Кальяны постоянникам,Кальян классический,38,750,750,0,0.0,0,0.0
MC Lounge Роза,—,Стафф,Кальян Персонал,85,280,280,0,0.0,0,0.0
MC Гранд,B,Блюда и закуски,Паста карбонара,48,370,400,8,8.11,30,1440.0
MC Гранд,B,Салаты,Цезарь с курицей,24,360,390,8,8.33,30,720.0
MC Гранд,B,Салаты,Цезарь с тигровыми креветками,16,430,460,8,6.98,30,480.0
MC Гранд,B,Кофе,Капучино,44,180,190,8,5.56,10,440.0
MC Гранд,C,Пицца,Мясная,6,800,900,10,12.5,100,600.0
MC Гранд,C,Завтраки,"Яичница-глазунья, тост с ветчиной и сыром, чай",19,280,310,10,10.71,30,570.0
MC Гранд,C,Блюда и закуски,Паста фетучини с курицей и грибами,12,420,460,10,9.52,40,480.0
MC Гранд,C,Кофе,Латте,21,190,210,10,10.53,20,420.0
MC Гранд,C,Кофе,Американо,40,150,160,10,6.67,10,400.0
MC Гранд,C,Авторский чай,Облепиховый с имбирем,9,350,390,10,11.43,40,360.0
MC Гранд,C,Лимонады,Мохито,12,300,330,10,10.0,30,360.0
MC Гранд,C,Салаты,Греческий,11,330,360,10,9.09,30,330.0
MC Гранд,C,Пицца,Хачапури по-аджарски,6,500,550,10,10.0,50,300.0
MC Гранд,C,Салаты,Французский,7,350,390,10,11.43,40,280.0
MC Гранд,C,Блюда и закуски,Нагетсы,9,270,300,10,11.11,30,270.0
MC Гранд,C,Завтраки,"Омлет классический, тост с ветчиной, чай",7,250,280,10,12.0,30,210.0
MC Гранд,C,Завтраки,"Сэндвич с курицей, беконом и свежими овощами",7,250,280,10,12.0,30,210.0
MC Гранд,C,Лимонады,Апельсин-манго,7,270,300,10,11.11,30,210.0
MC Гранд,C,Десерты,Чизкейк Фисташковый,10,220,240,10,9.09,20,200.0
MC Гранд,C,Милкшейки,Snickers,5,380,420,10,10.53,40,200.0
MC Гранд,C,Пицца,Пепперони,2,750,850,10,13.33,100,200.0
MC Гранд,C,Пицца,Пицца Цыпленок Ранч,2,750,850,10,13.33,100,200.0
MC Гранд,C,Завтраки,"Омлет с зеленью, сыром Моцарелла и черри, тост, чай",6,280,310,10,10.71,30,180.0
MC Гранд,C,Лимонады,Румба,6,270,300,10,11.11,30,180.0
MC Гранд,C,Милкшейки,Ванильная жвачка,6,320,350,10,9.38,30,180.0
MC Гранд,C,Блюда и закуски,Картофель фри,8,200,220,10,10.0,20,160.0
MC Гранд,C,Кофе,Раф Лавандовый,8,210,230,10,9.52,20,160.0
MC Гранд,C,Блюда и закуски,Долма говядиной,5,250,280,10,12.0,30,150.0
MC Гранд,C,Чай 1л,Грезы султана,5,250,280,10,12.0,30,150.0
MC Гранд,C,Чай 1л,Лимонник,5,250,280,10,12.0,30,150.0
MC Гранд,C,Десерты,Чизкейк Нью-Йорк,7,210,230,10,9.52,20,140.0
MC Гранд,C,Кофе,Горячий Шоколад,7,180,200,10,11.11,20,140.0
MC Гранд,C,Блюда и закуски,Онигири со снежным крабом,6,180,200,10,11.11,20,120.0
MC Гранд,C,Десерты,Чизкейк Сникерс,6,230,250,10,8.7,20,120.0
MC Гранд,C,Завтраки,"Сэндвич с ветчиной, сыром и свежими овощами",5,220,240,10,9.09,20,100.0
MC Гранд,C,Лимонады,Клубничная-жвачка,3,250,280,10,12.0,30,90.0
MC Гранд,C,Кофе,Раф Bubble gum,4,210,230,10,9.52,20,80.0
MC Гранд,C,Напитки ГРАНТ,Мэйсон,4,170,190,10,11.76,20,80.0
MC Гранд,C,Чай 1л,Глинтвейн,2,420,460,10,9.52,40,80.0
MC Гранд,C,Милкшейки,Пина колада,2,330,360,10,9.09,30,60.0
MC Гранд,C,Напитки ГРАНТ,Газ вода 0.33,6,90,100,10,11.11,10,60.0
MC Гранд,C,Напитки ГРАНТ,Чай пакетированный,6,30,40,10,33.33,10,60.0
MC Гранд,C,Чай 1л,Таежный,2,250,280,10,12.0,30,60.0
MC Гранд,C,Напитки ГРАНТ,Пульс АП,5,120,130,10,8.33,10,50.0
MC Гранд,C,Авторский чай,Клюквенный с тимьяном,1,390,430,10,10.26,40,40.0
MC Гранд,C,Авторский чай,Ромашковый с медовым персиком,1,350,390,10,11.43,40,40.0
MC Гранд,C,Милкшейки,Bounty,1,380,420,10,10.53,40,40.0
MC Гранд,C,Милкшейки,M&MS,1,380,420,10,10.53,40,40.0
MC Гранд,C,Напитки ГРАНТ,Компот,4,40,50,10,25.0,10,40.0
MC Гранд,C,Лимонады,Тропический,1,270,300,10,11.11,30,30.0
MC Гранд,C,Лимонады,Электро-Колада,1,290,320,10,10.34,30,30.0
MC Гранд,C,Напитки ГРАНТ,Fresh Bar Cola,3,80,90,10,12.5,10,30.0
MC Гранд,C,Кофе,Флэт Уайт,1,190,210,10,10.53,20,20.0
MC Гранд,C,Напитки ГРАНТ,Вода Черноголовка негаз 0.5л,2,70,80,10,14.29,10,20.0
MC Гранд,C,Напитки ГРАНТ,Ла Коста,2,150,160,10,6.67,10,20.0
MC Гранд,C,Напитки ГРАНТ,Сок в стакане,2,40,50,10,25.0,10,20.0
MC Гранд,C,Кофе,Эспрессо,1,140,150,10,7.14,10,10.0
MC Гранд,C,Напитки ГРАНТ,Вулкан,1,140,150,10,7.14,10,10.0
MC Гранд,C,Напитки ГРАНТ,Экспорт Стайл Кола 0.5л,1,80,90,10,12.5,10,10.0
